[
  {
    "id": "1",
    "title": "Appartement cosy",
    "location": "Paris",
    "cover": "https://picsum.photos/400/300?random=1",
    "rating": 4,
    "description": "Bel appartement lumineux pour 2 personnes",
    "equipments": ["Wifi", "Cuisine", "Télévision"],
    "host": {
      "name": "Jean Dupont",
      "picture": "https://randomuser.me/api/portraits/men/1.jpg"
    }
  },
  {
    "id": "2",
    "title": "Loft moderne",
    "location": "Lyon",
    "cover": "https://picsum.photos/400/300?random=2",
    "rating": 5,
    "description": "Loft spacieux et moderne avec balcon",
    "equipments": ["Wifi", "Machine à laver", "Climatisation"],
    "host": {
      "name": "Sophie Martin",
      "picture": "https://randomuser.me/api/portraits/women/2.jpg"
    }
  },
  {
    "id": "3",
    "title": "Villa bord de mer",
    "location": "Nice",
    "cover": "https://picsum.photos/400/300?random=3",
    "rating": 5,
    "description": "Villa avec vue sur la mer et piscine",
    "equipments": ["Wifi", "Piscine", "Parking"],
    "host": {
      "name": "Luc Bernard",
      "picture": "https://randomuser.me/api/portraits/men/3.jpg"
    }
  },
  {
    "id": "4",
    "title": "Studio urbain",
    "location": "Marseille",
    "cover": "https://picsum.photos/400/300?random=4",
    "rating": 3,
    "description": "Petit studio cosy en plein centre-ville",
    "equipments": ["Wifi", "Télévision"],
    "host": {
      "name": "Claire Durand",
      "picture": "https://randomuser.me/api/portraits/women/4.jpg"
    }
  },
  {
    "id": "5",
    "title": "Chalet montagne",
    "location": "Chamonix",
    "cover": "https://picsum.photos/400/300?random=5",
    "rating": 4,
    "description": "Chalet chaleureux avec cheminée et vue sur les montagnes",
    "equipments": ["Wifi", "Cheminée", "Cuisine"],
    "host": {
      "name": "Pierre Lefevre",
      "picture": "https://randomuser.me/api/portraits/men/5.jpg"
    }
  },
  {
    "id": "6",
    "title": "Maison de campagne",
    "location": "Bordeaux",
    "cover": "https://picsum.photos/400/300?random=6",
    "rating": 5,
    "description": "Maison spacieuse avec jardin et terrasse",
    "equipments": ["Wifi", "Jardin", "Barbecue"],
    "host": {
      "name": "Isabelle Moreau",
      "picture": "https://randomuser.me/api/portraits/women/6.jpg"
    }
  }
]